ORGANIZATION,LINK
CEPI,https://cepi.net/calls-for-proposals
Saudi RDIA,https://saudiminds.rdia.gov.sa/account/sigp-about
NIH Reporter,https://reporter.nih.gov/funding/search
NSF Funding Opportunities,https://www.nsf.gov/funding/opportunities
EU Horizon Europe,https://ec.europa.eu/info/funding-tenders/opportunities/portal/screen/opportunities/topic-search
Wellcome Trust Schemes,https://wellcome.org/grant-funding/schemes
UKRI Gateway,https://www.ukri.org/opportunity/
Gates Foundation Grand Challenges,https://gcgh.grandchallenges.org/challenges
Chan Zuckerberg Initiative,https://chanzuckerberg.com/science/programs-resources/
Novo Nordisk Foundation,https://novonordiskfonden.dk/en/grants/
Singapore NRF,https://www.nrf.gov.sg/funding-and-grants
A*STAR Research Funding,https://www.a-star.edu.sg/research/funding-opportunities
QNRF Qatar,https://www.qnrf.org/en-us/Funding/Research-Programs
ARC Australia,https://www.arc.gov.au/funding-research/funding-schemes
NHMRC Australia,https://www.nhmrc.gov.au/funding/find-funding/grants
CIHR Canada,https://cihr-irsc.gc.ca/e/193.html
ARPA-H,https://arpa-h.gov/explore-funding/open-funding-opportunities
DARPA BAAs,https://www.darpa.mil/work-with-us/opportunities
ARPA-E,https://arpa-e.energy.gov/technologies/programs
ONR Office of Naval Research,https://www.onr.navy.mil/en/Science-Technology/Funding-Opportunities
AFRL Air Force Research Lab,https://www.afrl.af.mil/Business/Broad-Agency-Announcements/
ARL Army Research Lab,https://www.arl.army.mil/business/broad-agency-announcements/
American Cancer Society,https://www.cancer.org/research/we-fund-cancer-research/apply-for-a-grant.html
American Heart Association,https://professional.heart.org/en/research-programs
Michael J Fox Foundation (Parkinson's),https://www.michaeljfox.org/research-grant-programs
Alzheimer's Association,https://www.alz.org/research/for_researchers/grants_for_alzheimers_researchers
American Diabetes Association,https://diabetes.org/research/for-researchers
Cystic Fibrosis Foundation,https://www.cff.org/researchers/research-funding-programs
Multiple Sclerosis Society (UK),https://www.mssociety.org.uk/research/apply-for-funding
American Association for Cancer Research,https://www.aacr.org/grants/
Leukemia & Lymphoma Society,https://www.lls.org/research/research-funding-programs
Susan G Komen,https://www.komen.org/research/grant-opportunities/
Simons Foundation,https://www.simonsfoundation.org/funding/
Kavli Foundation,https://www.kavlifoundation.org/grants
Moore Foundation Science Program,https://www.moore.org/programs/science
Templeton Foundation,https://www.templeton.org/grants
Open Philanthropy,https://www.openphilanthropy.org/research/
Schmidt Futures,https://www.schmidtfutures.com/
Wellcome Leap,https://wellcomeleap.org/programs/
Alfred P Sloan Foundation,https://sloan.org/programs/research
JSPS Japan,https://www.jsps.go.jp/english/
JST Japan,https://www.jst.go.jp/inter/english/
Korea NRF,https://www.nrf.re.kr/eng/main
China NSFC,https://www.nsfc.gov.cn/english/site_1/index.html
DFG Germany,https://www.dfg.de/en/research-funding/funding-opportunities/
ANR France,https://anr.fr/en/call-for-proposals-details/
Leverhulme Trust,https://www.leverhulme.ac.uk/funding
Royal Society,https://royalsociety.org/grants/
Alexander von Humboldt Foundation,https://www.humboldt-foundation.de/en/apply
Fulbright Program,https://us.fulbrightonline.org/
Marie Curie MSCA,https://marie-sklodowska-curie-actions.ec.europa.eu/
EMBO Fellowships,https://www.embo.org/funding-awards/
Schmidt Futures Fellowships,https://www.schmidtfutures.com/our-work/fellowships/
HHMI Investigator Program,https://www.hhmi.org/programs/investigators
Branco Weiss Fellowship,https://brancoweiss.ethz.ch/
L'Oréal-UNESCO Women in Science,https://www.loreal.com/en/articles/science-and-technology/for-women-in-science/
Sloan Research Fellowships,https://sloan.org/fellowships/
Flagship Pioneering,https://www.flagshippioneering.com/
Curie.Bio,https://curie.bio/
Sequoia Capital,https://www.sequoiacap.com/
a16z Bio,https://a16z.com/bio/
Third Rock Ventures,https://www.thirdrockventures.com/
ARCH Venture Partners,https://www.archventure.com/
Temasek / Helios,https://www.temasek.com.sg/
Khosla Ventures,https://www.khoslaventures.com/
Sofinnova Partners,https://www.sofinnova.fr/
XPRIZE,https://www.xprize.org/prizes
MIT Solve,https://solve.mit.edu/challenges
Longitude Prize (Nesta),https://longitudeprize.org/
Experiment.com,https://experiment.com/
AI Singapore,https://aisingapore.org/